{
  "id": "",
  "name": "",
  "font_family": "iconfont",
  "css_prefix_text": "icon-",
  "description": "",
  "glyphs": [
    {
      "icon_id": "604649",
      "name": "图表",
      "font_class": "tubiao",
      "unicode": "e62d",
      "unicode_decimal": 58925
    },
    {
      "icon_id": "738197",
      "name": "账户资产",
      "font_class": "zhanghuzichan",
      "unicode": "e622",
      "unicode_decimal": 58914
    },
    {
      "icon_id": "947490",
      "name": "账户信息",
      "font_class": "zhanghuxinxi",
      "unicode": "e64f",
      "unicode_decimal": 58959
    },
    {
      "icon_id": "1058900",
      "name": "图表 2",
      "font_class": "tubiao1",
      "unicode": "e613",
      "unicode_decimal": 58899
    },
    {
      "icon_id": "1058911",
      "name": "图表 2",
      "font_class": "tubiao1-copy",
      "unicode": "e61e",
      "unicode_decimal": 58910
    },
    {
      "icon_id": "4631522",
      "name": "账户余额",
      "font_class": "zhanghuyue",
      "unicode": "e652",
      "unicode_decimal": 58962
    },
    {
      "icon_id": "4770757",
      "name": "账户管理",
      "font_class": "zhanghuguanli",
      "unicode": "e642",
      "unicode_decimal": 58946
    },
    {
      "icon_id": "6184963",
      "name": "账户管理",
      "font_class": "zhanghuguanli1",
      "unicode": "e60b",
      "unicode_decimal": 58891
    },
    {
      "icon_id": "6865353",
      "name": "图表",
      "font_class": "tubiao2",
      "unicode": "e612",
      "unicode_decimal": 58898
    },
    {
      "icon_id": "6882977",
      "name": "账户操作",
      "font_class": "zhanghucaozuo",
      "unicode": "e611",
      "unicode_decimal": 58897
    },
    {
      "icon_id": "6997493",
      "name": "我 的",
      "font_class": "wodedangxuan",
      "unicode": "e608",
      "unicode_decimal": 58888
    },
    {
      "icon_id": "7145716",
      "name": "图表",
      "font_class": "tubiao3",
      "unicode": "e647",
      "unicode_decimal": 58951
    },
    {
      "icon_id": "7518291",
      "name": "图表",
      "font_class": "tubiao4",
      "unicode": "e651",
      "unicode_decimal": 58961
    },
    {
      "icon_id": "10099701",
      "name": "图表",
      "font_class": "tubiao5",
      "unicode": "e61b",
      "unicode_decimal": 58907
    },
    {
      "icon_id": "15112738",
      "name": "账户",
      "font_class": "zhanghu",
      "unicode": "e614",
      "unicode_decimal": 58900
    },
    {
      "icon_id": "18020170",
      "name": "图表",
      "font_class": "tubiao6",
      "unicode": "e619",
      "unicode_decimal": 58905
    },
    {
      "icon_id": "18165532",
      "name": "账单,流水",
      "font_class": "bill",
      "unicode": "e894",
      "unicode_decimal": 59540
    },
    {
      "icon_id": "18165533",
      "name": "账单,流水",
      "font_class": "bill-full",
      "unicode": "e895",
      "unicode_decimal": 59541
    },
    {
      "icon_id": "18694723",
      "name": "账户管理",
      "font_class": "zhanghuguanli2",
      "unicode": "e615",
      "unicode_decimal": 58901
    },
    {
      "icon_id": "19985126",
      "name": "我 的",
      "font_class": "wode-copy",
      "unicode": "e61d",
      "unicode_decimal": 58909
    }
  ]
}
